{"cameraMode":{"drawMode":0,"name":"Shaded","section":"Shading Mode"},"sceneLighting":false,"audioPlay":false,"sceneViewState":{"showFog":true,"showMaterialUpdate":false,"showSkybox":false,"showFlares":true,"showImageEffects":true,"showParticleSystems":true},"in2DMode":false,"pivot":{"x":6.53361701965332,"y":0.9773155450820923,"z":5.129172325134277},"rotation":{"x":0.2725679278373718,"y":-0.040399614721536639,"z":0.011456966400146485,"w":0.9612259864807129},"size":1.3986608982086182,"orthographic":false}