{"cameraMode":{"drawMode":0,"name":"Shaded","section":"Shading Mode"},"sceneLighting":true,"audioPlay":false,"sceneViewState":{"showFog":true,"showMaterialUpdate":false,"showSkybox":true,"showFlares":true,"showImageEffects":true,"showParticleSystems":true},"in2DMode":false,"pivot":{"x":0.2830023467540741,"y":-3.9599733352661135,"z":4.17848014831543},"rotation":{"x":0.367956280708313,"y":0.002785742748528719,"z":-0.0011009193258360029,"w":0.9298447370529175},"size":28.872098922729493,"orthographic":false}