{"cameraMode":{"drawMode":0,"name":"Shaded","section":"Shading Mode"},"sceneLighting":true,"audioPlay":false,"sceneViewState":{"showFog":true,"showMaterialUpdate":false,"showSkybox":true,"showFlares":true,"showImageEffects":true,"showParticleSystems":true},"in2DMode":false,"pivot":{"x":-0.24634180963039399,"y":-1.9297819137573243,"z":6.086785793304443},"rotation":{"x":0.367956280708313,"y":0.002785742748528719,"z":-0.0011009193258360029,"w":0.9298447370529175},"size":39.85242462158203,"orthographic":false}